,Date,SC_M1
0,2015-11-23,195.0
1,2015-11-24,195.0
2,2015-11-25,195.0
3,2015-11-26,192.0
4,2015-11-27,192.0
5,2015-11-30,195.52
6,2015-12-01,188.0
7,2015-12-02,184.0
8,2015-12-03,184.0
9,2015-12-04,184.0
10,2015-12-07,184.0
11,2015-12-08,184.0
12,2015-12-09,184.0
13,2015-12-10,184.0
14,2015-12-11,184.0
15,2015-12-14,184.0
16,2015-12-15,184.0
17,2015-12-16,184.0
18,2015-12-17,184.0
19,2015-12-18,185.0
20,2015-12-21,185.0
21,2015-12-22,187.5
22,2015-12-23,191.25
23,2015-12-24,191.25
1134,2015-12-25,193.0
1139,2015-12-26,193.0
1144,2015-12-27,193.0
24,2015-12-29,187.5
25,2015-12-30,189.75
26,2015-12-31,188.95
1155,2016-01-01,188.0
1159,2016-01-02,184.0
1165,2016-01-03,184.0
27,2016-01-04,184.0
28,2016-01-05,184.0
29,2016-01-06,184.0
30,2016-01-07,184.0
31,2016-01-08,184.5
1181,2016-01-09,184.0
1185,2016-01-10,184.0
32,2016-01-11,185.0
33,2016-01-12,186.0
34,2016-01-13,186.0
35,2016-01-14,185.5
36,2016-01-15,185.5
1201,2016-01-16,184.0
1205,2016-01-17,184.0
37,2016-01-18,185.5
38,2016-01-19,187.0
39,2016-01-20,187.0
40,2016-01-21,185.5
41,2016-01-22,185.5
1125,2016-01-23,189.5
1129,2016-01-24,189.5
42,2016-01-25,190.0
43,2016-01-26,190.0
44,2016-01-27,189.75
45,2016-01-28,186.0
46,2016-01-29,184.875
1150,2016-01-30,188.0
1225,2016-01-31,184.0
47,2016-02-01,184.0
48,2016-02-02,182.0
49,2016-02-03,180.75
50,2016-02-04,181.625
51,2016-02-05,180.5
1234,2016-02-06,185.0
1174,2016-02-07,183.25
52,2016-02-08,182.125
53,2016-02-09,178.75
54,2016-02-10,179.25
55,2016-02-11,182.125
56,2016-02-12,181.0
1244,2016-02-13,185.0
1194,2016-02-14,183.25
57,2016-02-15,182.125
58,2016-02-16,179.25
59,2016-02-17,179.25
60,2016-02-18,182.125
61,2016-02-19,181.0
1254,2016-02-20,185.0
1214,2016-02-21,183.25
62,2016-02-22,182.25
63,2016-02-23,184.0
64,2016-02-24,185.0
65,2016-02-25,185.0
66,2016-02-26,185.0
1145,2016-02-27,189.0
1262,2016-02-28,185.0
67,2016-02-29,184.2828125
68,2016-03-01,183.75
69,2016-03-02,182.875
70,2016-03-03,183.375
71,2016-03-04,182.4375
1229,2016-03-05,182.0
1235,2016-03-06,184.0
72,2016-03-07,187.875
73,2016-03-08,184.1875
74,2016-03-09,182.5
75,2016-03-10,183.375
76,2016-03-11,181.6875
1239,2016-03-12,180.0
1245,2016-03-13,187.0
77,2016-03-14,190.375
78,2016-03-15,181.6875
79,2016-03-16,183.375
80,2016-03-17,184.625
81,2016-03-18,182.8125
1249,2016-03-19,180.0
1255,2016-03-20,187.0
82,2016-03-21,193.625
83,2016-03-22,182.625
84,2016-03-23,184.125
85,2016-03-24,182.625
1135,2016-03-25,179.25
1140,2016-03-26,181.75
1146,2016-03-27,188.5
1263,2016-03-28,184.0
86,2016-03-29,183.25
87,2016-03-30,194.5
88,2016-03-31,200.095
89,2016-04-01,187.0
1160,2016-04-02,181.5
1166,2016-04-03,183.875
90,2016-04-04,187.53125
91,2016-04-05,197.75
92,2016-04-06,214.0
93,2016-04-07,194.5625
94,2016-04-08,192.5
1182,2016-04-09,185.875
1186,2016-04-10,185.125
95,2016-04-11,192.59375
96,2016-04-12,198.0
97,2016-04-13,226.155
98,2016-04-14,201.4375
99,2016-04-15,190.96875
1202,2016-04-16,188.5
1206,2016-04-17,191.0
100,2016-04-18,198.59375
101,2016-04-19,200.25
102,2016-04-20,230.5
103,2016-04-21,208.9375
104,2016-04-22,199.625
1126,2016-04-23,197.375
1130,2016-04-24,199.375
105,2016-04-25,190.625
106,2016-04-26,190.5
107,2016-04-27,209.75
108,2016-04-28,230.25
109,2016-04-29,207.011875
1151,2016-04-30,221.5
1156,2016-05-01,209.125
1161,2016-05-02,181.75
110,2016-05-03,200.6875
111,2016-05-04,220.421875
112,2016-05-05,232.25
113,2016-05-06,249.0
1175,2016-05-07,218.3125
1178,2016-05-08,219.78125
114,2016-05-09,202.8125
115,2016-05-10,206.0625
116,2016-05-11,226.078125
117,2016-05-12,235.0
118,2016-05-13,256.0
1195,2016-05-14,229.3125
1198,2016-05-15,227.65625
119,2016-05-16,204.4375
120,2016-05-17,206.8125
121,2016-05-18,234.015625
122,2016-05-19,241.25
123,2016-05-20,262.25
1215,2016-05-21,240.8125
1218,2016-05-22,241.1875
124,2016-05-23,203.625
125,2016-05-24,205.25
126,2016-05-25,243.875
127,2016-05-26,248.5
128,2016-05-27,260.0
1264,2016-05-28,247.0
1221,2016-05-29,254.1875
1152,2016-05-30,208.25
129,2016-05-31,240.925
130,2016-06-01,211.75
131,2016-06-02,190.0
132,2016-06-03,252.34375
1170,2016-06-04,263.140625
1230,2016-06-05,263.625
133,2016-06-06,271.625
134,2016-06-07,222.46875
135,2016-06-08,221.796875
136,2016-06-09,246.15625
137,2016-06-10,246.09375
1190,2016-06-11,257.703125
1240,2016-06-12,256.875
138,2016-06-13,264.0
139,2016-06-14,231.21875
140,2016-06-15,228.609375
141,2016-06-16,231.84375
142,2016-06-17,232.34375
1210,2016-06-18,249.421875
1250,2016-06-19,242.625
143,2016-06-20,247.5
144,2016-06-21,243.6875
145,2016-06-22,242.3125
146,2016-06-23,223.65625
147,2016-06-24,224.09375
1136,2016-06-25,243.6875
1141,2016-06-26,245.9375
148,2016-06-27,250.4375
149,2016-06-28,257.5
150,2016-06-29,254.34375
151,2016-06-30,235.23015625
152,2016-07-01,220.625
1162,2016-07-02,207.625
1167,2016-07-03,238.40625
153,2016-07-04,261.8359375
154,2016-07-05,259.9375
155,2016-07-06,249.9375
156,2016-07-07,228.296875
157,2016-07-08,227.3046875
1183,2016-07-09,237.96875
1187,2016-07-10,230.59375
158,2016-07-11,250.2421875
159,2016-07-12,251.125
160,2016-07-13,237.25
161,2016-07-14,225.328125
162,2016-07-15,226.7890625
1203,2016-07-16,226.96875
1207,2016-07-17,223.34375
163,2016-07-18,246.7890625
164,2016-07-19,240.1875
165,2016-07-20,228.5625
166,2016-07-21,225.6875
167,2016-07-22,225.796875
1127,2016-07-23,218.09375
1131,2016-07-24,218.3125
168,2016-07-25,244.375
169,2016-07-26,245.375
170,2016-07-27,231.5
171,2016-07-28,233.375
172,2016-07-29,233.1271875
1153,2016-07-30,209.125
1226,2016-07-31,228.5
173,2016-08-01,212.078125
174,2016-08-02,210.5625
175,2016-08-03,239.453125
176,2016-08-04,233.58984375
177,2016-08-05,234.46875
1236,2016-08-06,225.25
1176,2016-08-07,214.515625
178,2016-08-08,214.68359375
179,2016-08-09,238.984375
180,2016-08-10,230.234375
181,2016-08-11,228.21484375
182,2016-08-12,234.375
1246,2016-08-13,225.8125
1196,2016-08-14,219.296875
183,2016-08-15,222.66796875
184,2016-08-16,224.28125
185,2016-08-17,220.15625
186,2016-08-18,237.1796875
187,2016-08-19,234.171875
1256,2016-08-20,224.8125
1216,2016-08-21,222.71875
188,2016-08-22,223.38671875
189,2016-08-23,215.2578125
190,2016-08-24,215.1015625
191,2016-08-25,236.5390625
192,2016-08-26,236.9140625
1147,2016-08-27,227.53125
1265,2016-08-28,229.75
1222,2016-08-29,230.796875
193,2016-08-30,205.96875
194,2016-08-31,232.7725
195,2016-09-01,225.8359375
196,2016-09-02,223.3125
1168,2016-09-03,237.890625
1171,2016-09-04,231.80859375
197,2016-09-05,236.28125
198,2016-09-06,231.0625
199,2016-09-07,220.1484375
200,2016-09-08,226.521484375
201,2016-09-09,236.0234375
1188,2016-09-10,231.421875
1191,2016-09-11,230.26171875
202,2016-09-12,229.40625
203,2016-09-13,229.0625
204,2016-09-14,226.3984375
205,2016-09-15,224.583984375
206,2016-09-16,224.3359375
1208,2016-09-17,221.671875
1211,2016-09-18,226.05859375
207,2016-09-19,226.03125
208,2016-09-20,233.40625
209,2016-09-21,230.40625
210,2016-09-22,223.55078125
211,2016-09-23,218.46875
1132,2016-09-24,218.03125
1137,2016-09-25,228.796875
212,2016-09-26,229.359375
213,2016-09-27,235.21875
214,2016-09-28,236.0625
215,2016-09-29,235.25
216,2016-09-30,218.615234375
1157,2016-10-01,221.515625
1163,2016-10-02,220.6875
217,2016-10-03,236.6015625
218,2016-10-04,235.341796875
219,2016-10-05,225.8828125
220,2016-10-06,225.03125
221,2016-10-07,219.96484375
1179,2016-10-08,222.916015625
1184,2016-10-09,226.9140625
222,2016-10-10,235.0390625
223,2016-10-11,233.865234375
224,2016-10-12,224.71875
225,2016-10-13,225.15625
226,2016-10-14,220.96484375
1199,2016-10-15,221.232421875
1204,2016-10-16,219.5078125
227,2016-10-17,223.5234375
228,2016-10-18,225.107421875
229,2016-10-19,219.53125
230,2016-10-20,222.90625
231,2016-10-21,222.7578125
1219,2016-10-22,218.71875
1128,2016-10-23,217.7890625
232,2016-10-24,218.5078125
233,2016-10-25,225.8515625
234,2016-10-26,221.5859375
235,2016-10-27,222.578125
236,2016-10-28,222.96875
1223,2016-10-29,221.6484375
1154,2016-10-30,209.21875
237,2016-10-31,222.27375
238,2016-11-01,222.5234375
239,2016-11-02,221.78125
240,2016-11-03,219.76171875
241,2016-11-04,219.0888671875
1231,2016-11-05,215.2578125
1237,2016-11-06,217.140625
242,2016-11-07,219.908203125
243,2016-11-08,222.5869140625
244,2016-11-09,225.87890625
245,2016-11-10,227.87890625
246,2016-11-11,228.0322265625
1241,2016-11-12,227.5859375
1247,2016-11-13,228.171875
247,2016-11-14,227.166015625
248,2016-11-15,220.8408203125
249,2016-11-16,219.54296875
250,2016-11-17,228.51171875
251,2016-11-18,230.6552734375
1251,2016-11-19,227.6015625
1257,2016-11-20,228.625
252,2016-11-21,228.99609375
253,2016-11-22,218.8203125
254,2016-11-23,218.94921875
255,2016-11-24,229.56640625
256,2016-11-25,233.05078125
1142,2016-11-26,230.76171875
1148,2016-11-27,235.7109375
257,2016-11-28,236.90625
258,2016-11-29,220.46484375
259,2016-11-30,231.2445166015625
260,2016-12-01,236.19921875
261,2016-12-02,239.765625
1169,2016-12-03,243.83984375
1172,2016-12-04,243.7197265625
262,2016-12-05,215.171875
263,2016-12-06,216.4375
264,2016-12-07,251.9189453125
265,2016-12-08,255.7529296875
266,2016-12-09,260.255859375
1189,2016-12-10,262.62890625
1192,2016-12-11,264.7548828125
267,2016-12-12,226.3671875
268,2016-12-13,227.34375
269,2016-12-14,264.7099609375
270,2016-12-15,261.12060546875
271,2016-12-16,259.947265625
1209,2016-12-17,258.06640625
1212,2016-12-18,255.6904296875
272,2016-12-19,227.74609375
273,2016-12-20,228.6484375
274,2016-12-21,254.0859375
275,2016-12-22,252.1123046875
276,2016-12-23,253.2734375
1133,2016-12-24,256.28125
1138,2016-12-25,258.89453125
1143,2016-12-26,230.08203125
1149,2016-12-27,233.9609375
277,2016-12-28,267.8046875
278,2016-12-29,256.154296875
279,2016-12-30,251.748046875
1227,2016-12-31,234.9375
1158,2017-01-01,257.57421875
1164,2017-01-02,257.515625
280,2017-01-03,242.041015625
281,2017-01-04,241.58251953125
282,2017-01-05,252.0634765625
283,2017-01-06,255.681640625
1177,2017-01-07,270.1181640625
1180,2017-01-08,271.95361328125
284,2017-01-09,271.7236328125
285,2017-01-10,263.205078125
286,2017-01-11,266.11181640625
287,2017-01-12,258.740234375
288,2017-01-13,258.890625
1197,2017-01-14,275.2060546875
1200,2017-01-15,273.14208984375
289,2017-01-16,279.568359375
290,2017-01-17,258.994140625
291,2017-01-18,257.04150390625
292,2017-01-19,263.158203125
293,2017-01-20,264.37890625
1217,2017-01-21,276.845703125
1220,2017-01-22,276.27734375
294,2017-01-23,276.19921875
295,2017-01-24,257.07421875
296,2017-01-25,263.57421875
297,2017-01-26,230.560546875
298,2017-01-27,232.9140625
1266,2017-01-28,284.09375
1224,2017-01-29,276.794921875
299,2017-01-30,274.546875
300,2017-01-31,237.53125
301,2017-02-01,257.388671875
302,2017-02-02,257.015625
303,2017-02-03,269.4423828125
1173,2017-02-04,271.26611328125
1232,2017-02-05,277.208984375
304,2017-02-06,276.35546875
305,2017-02-07,268.05224609375
306,2017-02-08,271.670654296875
307,2017-02-09,283.77978515625
308,2017-02-10,278.7998046875
1193,2017-02-11,280.15869140625
1242,2017-02-12,274.212890625
309,2017-02-13,276.060546875
310,2017-02-14,274.46923828125
311,2017-02-15,273.804931640625
312,2017-02-16,285.28369140625
313,2017-02-17,274.9365234375
1213,2017-02-18,269.47021484375
1252,2017-02-19,273.865234375
314,2017-02-20,270.890625
315,2017-02-21,274.6396484375
316,2017-02-22,273.81591796875
317,2017-02-23,274.0595703125
318,2017-02-24,254.7109375
1258,2017-02-25,257.19140625
1260,2017-02-26,234.19140625
319,2017-02-27,235.9296875
320,2017-02-28,246.21988287093117
321,2017-03-01,254.5146484375
322,2017-03-02,258.12109375
323,2017-03-03,257.8798828125
1228,2017-03-04,264.275390625
1233,2017-03-05,268.708984375
324,2017-03-06,261.5439453125
325,2017-03-07,263.31982421875
326,2017-03-08,264.663330078125
327,2017-03-09,271.6220703125
328,2017-03-10,274.55859375
1238,2017-03-11,275.91796875
1243,2017-03-12,271.712890625
329,2017-03-13,275.3203125
330,2017-03-14,278.060546875
331,2017-03-15,281.191162109375
332,2017-03-16,286.78173828125
333,2017-03-17,285.751953125
1248,2017-03-18,268.232421875
1253,2017-03-19,268.865234375
334,2017-03-20,281.236328125
335,2017-03-21,278.681640625
336,2017-03-22,283.1904296875
337,2017-03-23,285.3779296875
338,2017-03-24,274.48046875
1259,2017-03-25,255.31640625
1261,2017-03-26,234.56640625
339,2017-03-27,265.203125
340,2017-03-28,284.734375
341,2017-03-29,269.48828125
342,2017-03-30,252.4140625
343,2017-03-31,241.5653125
1267,2017-04-01,271.08203125
1268,2017-04-02,272.703125
344,2017-04-03,272.4619140625
345,2017-04-04,259.08203125
346,2017-04-05,266.40234375
347,2017-04-06,278.6826171875
348,2017-04-07,283.33984375
1269,2017-04-08,285.318359375
1270,2017-04-09,287.3212890625
349,2017-04-10,286.0693359375
350,2017-04-11,272.205078125
351,2017-04-12,266.9912109375
352,2017-04-13,283.685546875
1279,2017-04-14,284.978515625
1271,2017-04-15,290.158203125
1272,2017-04-16,292.412109375
1273,2017-04-17,293.072265625
353,2017-04-18,265.01171875
354,2017-04-19,268.39453125
355,2017-04-20,288.376953125
356,2017-04-21,278.88671875
1274,2017-04-22,281.0673828125
1275,2017-04-23,284.197265625
357,2017-04-24,276.505859375
358,2017-04-25,254.265625
359,2017-04-26,234.26171875
360,2017-04-27,260.884765625
361,2017-04-28,273.44552734375
1276,2017-04-29,272.50390625
1283,2017-04-30,272.9735107421875
1277,2017-05-01,270.98046875
362,2017-05-02,270.67578125
363,2017-05-03,277.505859375
364,2017-05-04,271.677734375
365,2017-05-05,278.26953125
1285,2017-05-06,280.1357421875
1278,2017-05-07,281.1259765625
366,2017-05-08,282.3125
367,2017-05-09,283.212890625
368,2017-05-10,279.14453125
369,2017-05-11,272.01171875
370,2017-05-12,266.521484375
1287,2017-05-13,276.48828125
1280,2017-05-14,285.103515625
371,2017-05-15,287.33984375
372,2017-05-16,288.859375
373,2017-05-17,288.248046875
374,2017-05-18,264.59375
375,2017-05-19,267.03515625
1289,2017-05-20,277.212890625
1281,2017-05-21,270.78125
376,2017-05-22,276.9677734375
377,2017-05-23,280.521484375
378,2017-05-24,269.7880859375
379,2017-05-25,259.4609375
380,2017-05-26,251.45703125
1291,2017-05-27,266.49609375
1292,2017-05-28,275.21484375
1282,2017-05-29,270.375
381,2017-05-30,267.984375
382,2017-05-31,259.38609375
383,2017-06-01,269.916015625
384,2017-06-02,275.21484375
1293,2017-06-03,276.232421875
1284,2017-06-04,272.9140625
385,2017-06-05,274.8828125
386,2017-06-06,276.86767578125
387,2017-06-07,281.5791015625
388,2017-06-08,275.87890625
389,2017-06-09,281.78564453125
1295,2017-06-10,275.990234375
1286,2017-06-11,270.58984375
390,2017-06-12,269.732421875
391,2017-06-13,274.0478515625
392,2017-06-14,277.828125
393,2017-06-15,280.0556640625
394,2017-06-16,281.7060546875
1297,2017-06-17,282.12109375
1288,2017-06-18,272.46875
395,2017-06-19,276.0205078125
396,2017-06-20,274.84619140625
397,2017-06-21,271.1708984375
398,2017-06-22,279.6474609375
399,2017-06-23,281.515625
1299,2017-06-24,275.83984375
1290,2017-06-25,271.5703125
400,2017-06-26,267.2890625
401,2017-06-27,265.009765625
402,2017-06-28,274.478515625
403,2017-06-29,268.015625
404,2017-06-30,276.85148193359373
1300,2017-07-01,273.3046875
1301,2017-07-02,275.1171875
405,2017-07-03,276.0830078125
406,2017-07-04,271.13671875
407,2017-07-05,272.9833984375
408,2017-07-06,273.7041015625
409,2017-07-07,274.8955078125
1303,2017-07-08,275.041015625
1294,2017-07-09,277.95703125
410,2017-07-10,275.07421875
411,2017-07-11,271.4296875
412,2017-07-12,276.3388671875
413,2017-07-13,276.52587890625
414,2017-07-14,278.921875
1305,2017-07-15,280.9296875
1296,2017-07-16,282.91015625
415,2017-07-17,280.3125
416,2017-07-18,272.625
417,2017-07-19,281.166015625
418,2017-07-20,280.9853515625
419,2017-07-21,276.1474609375
1307,2017-07-22,281.994140625
1298,2017-07-23,284.44921875
420,2017-07-24,274.7314453125
421,2017-07-25,272.1171875
422,2017-07-26,277.21484375
423,2017-07-27,276.8525390625
424,2017-07-28,281.36328125
1310,2017-07-29,281.609375
1311,2017-07-30,284.33203125
425,2017-07-31,268.29390624999996
426,2017-08-01,271.439453125
427,2017-08-02,273.783203125
428,2017-08-03,288.1005859375
429,2017-08-04,283.71484375
1312,2017-08-05,287.236328125
1302,2017-08-06,285.1064453125
430,2017-08-07,286.45361328125
431,2017-08-08,272.9287109375
432,2017-08-09,277.525390625
433,2017-08-10,288.0947265625
434,2017-08-11,286.5
1313,2017-08-12,287.6875
1304,2017-08-13,289.91552734375
435,2017-08-14,290.0380859375
436,2017-08-15,281.4775390625
437,2017-08-16,282.833984375
438,2017-08-17,292.455078125
439,2017-08-18,288.06640625
1314,2017-08-19,292.650390625
1306,2017-08-20,291.9169921875
440,2017-08-21,293.97216796875
441,2017-08-22,280.0908203125
442,2017-08-23,282.0595703125
443,2017-08-24,295.2197265625
444,2017-08-25,297.078125
1315,2017-08-26,301.296875
1308,2017-08-27,300.771484375
1309,2017-08-28,303.9384765625
445,2017-08-29,280.8828125
446,2017-08-30,283.369140625
447,2017-08-31,302.8571875
448,2017-09-01,301.35546875
1317,2017-09-02,303.796875
1318,2017-09-03,315.2451171875
449,2017-09-04,310.62109375
450,2017-09-05,287.380859375
451,2017-09-06,285.3388671875
452,2017-09-07,315.64453125
453,2017-09-08,312.509765625
1320,2017-09-09,313.02734375
1321,2017-09-10,323.0126953125
454,2017-09-11,320.33984375
455,2017-09-12,286.95703125
456,2017-09-13,287.81689453125
457,2017-09-14,319.146484375
458,2017-09-15,313.0556640625
1323,2017-09-16,317.55859375
1324,2017-09-17,321.79296875
459,2017-09-18,320.828125
460,2017-09-19,293.65234375
461,2017-09-20,291.54296875
462,2017-09-21,327.033203125
463,2017-09-22,319.138671875
1326,2017-09-23,319.041015625
1327,2017-09-24,323.99609375
464,2017-09-25,325.48046875
465,2017-09-26,300.87109375
466,2017-09-27,297.8046875
467,2017-09-28,302.2470703125
468,2017-09-29,315.257421875
1328,2017-09-30,340.1163330078125
1316,2017-10-01,323.29296875
469,2017-10-02,298.322265625
470,2017-10-03,308.72802734375
471,2017-10-04,333.5126953125
472,2017-10-05,324.638671875
473,2017-10-06,320.162109375
1330,2017-10-07,339.37109375
1319,2017-10-08,335.92578125
474,2017-10-09,308.69921875
475,2017-10-10,320.50634765625
476,2017-10-11,338.3134765625
477,2017-10-12,323.25439453125
478,2017-10-13,321.2294921875
1332,2017-10-14,329.5859375
1322,2017-10-15,325.779296875
479,2017-10-16,315.470703125
480,2017-10-17,317.6015625
481,2017-10-18,330.310546875
482,2017-10-19,314.517578125
483,2017-10-20,312.6494140625
1334,2017-10-21,320.76318359375
1325,2017-10-22,312.375
484,2017-10-23,314.44189453125
485,2017-10-24,322.67041015625
486,2017-10-25,318.015625
487,2017-10-26,306.8203125
488,2017-10-27,297.404296875
1336,2017-10-28,299.1708984375
1337,2017-10-29,306.078125
489,2017-10-30,312.0390625
490,2017-10-31,319.393125
491,2017-11-01,320.84765625
492,2017-11-02,291.97265625
493,2017-11-03,297.728515625
1339,2017-11-04,309.9609375
1329,2017-11-05,311.14453125
494,2017-11-06,307.8857421875
495,2017-11-07,333.832763671875
496,2017-11-08,331.1328125
497,2017-11-09,308.671875
498,2017-11-10,318.2822265625
1341,2017-11-11,321.4140625
1331,2017-11-12,317.392578125
499,2017-11-13,316.169921875
500,2017-11-14,324.611328125
501,2017-11-15,320.732421875
502,2017-11-16,313.1875
503,2017-11-17,311.947265625
1343,2017-11-18,314.3046875
1333,2017-11-19,304.48828125
504,2017-11-20,308.49609375
505,2017-11-21,309.880859375
506,2017-11-22,300.580078125
507,2017-11-23,311.083984375
508,2017-11-24,313.2216796875
1345,2017-11-25,306.58203125
1335,2017-11-26,302.89453125
509,2017-11-27,303.86572265625
510,2017-11-28,296.54248046875
511,2017-11-29,302.55078125
512,2017-11-30,320.69756942749024
513,2017-12-01,315.58984375
1350,2017-12-02,305.52734375
1338,2017-12-03,311.568359375
514,2017-12-04,306.2177734375
515,2017-12-05,300.64453125
516,2017-12-06,316.70068359375
517,2017-12-07,325.10498046875
518,2017-12-08,324.888671875
1352,2017-12-09,310.7578125
1340,2017-12-10,313.9892578125
519,2017-12-11,318.728515625
520,2017-12-12,316.076171875
521,2017-12-13,312.18310546875
522,2017-12-14,316.689453125
523,2017-12-15,319.7841796875
1354,2017-12-16,318.10546875
1342,2017-12-17,318.5703125
524,2017-12-18,308.3984375
525,2017-12-19,299.70703125
526,2017-12-20,316.783447265625
527,2017-12-21,318.659423828125
528,2017-12-22,312.626953125
1356,2017-12-23,317.208984375
1344,2017-12-24,318.8046875
1346,2017-12-25,303.08203125
1347,2017-12-26,303.0
529,2017-12-27,315.6103515625
530,2017-12-28,314.35498046875
531,2017-12-29,319.220625
1358,2017-12-30,324.49609375
1348,2017-12-31,316.0546875
1349,2018-01-01,329.021484375
532,2018-01-02,302.94140625
533,2018-01-03,307.8466796875
534,2018-01-04,323.458984375
535,2018-01-05,321.4873046875
1359,2018-01-06,332.564453125
1351,2018-01-07,333.7255859375
536,2018-01-08,338.658203125
537,2018-01-09,310.923828125
538,2018-01-10,315.1708984375
539,2018-01-11,335.77734375
540,2018-01-12,334.861328125
1360,2018-01-13,336.587890625
1353,2018-01-14,333.611328125
541,2018-01-15,334.75390625
542,2018-01-16,315.916015625
543,2018-01-17,316.322265625
544,2018-01-18,331.537109375
545,2018-01-19,329.369140625
1361,2018-01-20,336.83984375
1355,2018-01-21,337.8359375
546,2018-01-22,336.5830078125
547,2018-01-23,315.9375
548,2018-01-24,318.380859375
549,2018-01-25,300.93359375
550,2018-01-26,300.3046875
1378,2018-01-27,340.744140625
1357,2018-01-28,340.998046875
551,2018-01-29,341.9453125
552,2018-01-30,324.08984375
553,2018-01-31,313.09546875
554,2018-02-01,325.62890625
555,2018-02-02,329.154296875
1362,2018-02-03,335.40625
1364,2018-02-04,341.09765625
556,2018-02-05,341.66064453125
557,2018-02-06,330.4326171875
558,2018-02-07,332.365234375
559,2018-02-08,348.2392578125
560,2018-02-09,332.494140625
1366,2018-02-10,341.916015625
1368,2018-02-11,345.51171875
561,2018-02-12,349.1806640625
562,2018-02-13,334.20849609375
563,2018-02-14,331.630859375
564,2018-02-15,343.9521484375
565,2018-02-16,334.4541015625
1370,2018-02-17,334.98828125
1372,2018-02-18,343.9375
566,2018-02-19,343.1962890625
567,2018-02-20,333.37060546875
568,2018-02-21,334.5947265625
569,2018-02-22,345.287109375
570,2018-02-23,334.32421875
1374,2018-02-24,338.001953125
1376,2018-02-25,328.953125
571,2018-02-26,328.30859375
572,2018-02-27,337.0771484375
573,2018-02-28,349.80953210720327
574,2018-03-01,336.484375
575,2018-03-02,339.029296875
1363,2018-03-03,331.40625
1365,2018-03-04,337.1484375
576,2018-03-05,350.9453125
577,2018-03-06,343.94873046875
578,2018-03-07,346.435546875
579,2018-03-08,357.9833984375
580,2018-03-09,352.623046875
1367,2018-03-10,337.798828125
1369,2018-03-11,341.8359375
581,2018-03-12,358.7216796875
582,2018-03-13,351.83447265625
583,2018-03-14,353.3046875
584,2018-03-15,357.330078125
585,2018-03-16,350.7119140625
1371,2018-03-17,332.37890625
1373,2018-03-18,341.125
586,2018-03-19,357.28759765625
587,2018-03-20,351.401611328125
588,2018-03-21,353.4814453125
589,2018-03-22,360.369140625
590,2018-03-23,355.2060546875
1375,2018-03-24,337.314453125
1377,2018-03-25,326.21875
591,2018-03-26,355.1875
592,2018-03-27,359.24951171875
593,2018-03-28,358.197265625
594,2018-03-29,346.9765625
1379,2018-03-30,332.875
1380,2018-03-31,329.4375
1381,2018-04-01,361.45703125
1382,2018-04-02,365.205078125
595,2018-04-03,323.91015625
596,2018-04-04,330.4453125
597,2018-04-05,371.6103515625
598,2018-04-06,369.78125
1383,2018-04-07,366.45703125
1384,2018-04-08,367.701171875
599,2018-04-09,364.4736328125
600,2018-04-10,334.81640625
601,2018-04-11,338.919921875
602,2018-04-12,366.748046875
603,2018-04-13,362.61865234375
1385,2018-04-14,363.388671875
1386,2018-04-15,365.400390625
604,2018-04-16,365.77734375
605,2018-04-17,331.17578125
606,2018-04-18,337.5078125
607,2018-04-19,366.03125
608,2018-04-20,358.77197265625
1387,2018-04-21,359.572265625
1388,2018-04-22,364.65966796875
609,2018-04-23,357.9755859375
610,2018-04-24,335.708984375
611,2018-04-25,322.078125
612,2018-04-26,360.12890625
613,2018-04-27,359.16162109375
1389,2018-04-28,358.169921875
1396,2018-04-29,347.515625
614,2018-04-30,343.6486730957031
615,2018-05-01,361.876953125
616,2018-05-02,367.017578125
617,2018-05-03,335.529296875
618,2018-05-04,334.59765625
1398,2018-05-05,349.7900390625
1390,2018-05-06,355.931640625
1391,2018-05-07,364.3671875
619,2018-05-08,363.896484375
620,2018-05-09,356.392578125
621,2018-05-10,339.68359375
622,2018-05-11,336.5478515625
1400,2018-05-12,351.2744140625
1392,2018-05-13,351.87109375
623,2018-05-14,359.662109375
624,2018-05-15,361.9443359375
625,2018-05-16,352.9384765625
626,2018-05-17,338.828125
627,2018-05-18,343.80078125
1401,2018-05-19,353.8916015625
1393,2018-05-20,353.1494140625
628,2018-05-21,355.5302734375
629,2018-05-22,359.61181640625
630,2018-05-23,353.31640625
631,2018-05-24,338.91796875
632,2018-05-25,332.81640625
1403,2018-05-26,351.068359375
1394,2018-05-27,351.5146484375
1395,2018-05-28,351.3515625
633,2018-05-29,341.30078125
634,2018-05-30,343.4453125
635,2018-05-31,326.0828125
636,2018-06-01,356.8125
1404,2018-06-02,358.89453125
1397,2018-06-03,344.2421875
637,2018-06-04,341.54296875
638,2018-06-05,342.55126953125
639,2018-06-06,352.33203125
640,2018-06-07,357.96875
641,2018-06-08,358.6318359375
1406,2018-06-09,348.806640625
1399,2018-06-10,342.8046875
642,2018-06-11,342.08203125
643,2018-06-12,346.505859375
644,2018-06-13,345.5693359375
645,2018-06-14,354.958984375
646,2018-06-15,357.890625
1408,2018-06-16,352.6171875
1409,2018-06-17,343.07421875
647,2018-06-18,341.3193359375
648,2018-06-19,351.52197265625
649,2018-06-20,348.5419921875
650,2018-06-21,350.7138671875
651,2018-06-22,351.78515625
1411,2018-06-23,346.03515625
1402,2018-06-24,338.41796875
652,2018-06-25,330.271484375
653,2018-06-26,348.4794921875
654,2018-06-27,348.0068359375
655,2018-06-28,349.12890625
656,2018-06-29,336.049296875
1412,2018-06-30,338.470947265625
1413,2018-07-01,342.953125
657,2018-07-02,353.720703125
658,2018-07-03,337.2265625
659,2018-07-04,337.8193359375
660,2018-07-05,341.04638671875
661,2018-07-06,341.7568359375
1415,2018-07-07,351.521484375
1405,2018-07-08,350.5009765625
662,2018-07-09,344.5361328125
663,2018-07-10,339.41796875
664,2018-07-11,346.06640625
665,2018-07-12,348.91455078125
666,2018-07-13,346.1015625
1417,2018-07-14,351.6171875
1407,2018-07-15,353.5458984375
667,2018-07-16,344.1767578125
668,2018-07-17,336.00390625
669,2018-07-18,345.4365234375
670,2018-07-19,349.70703125
671,2018-07-20,348.125
1419,2018-07-21,351.052734375
1410,2018-07-22,350.4189453125
672,2018-07-23,340.28076171875
673,2018-07-24,332.935546875
674,2018-07-25,339.7646484375
675,2018-07-26,349.80419921875
676,2018-07-27,347.71630859375
1422,2018-07-28,349.71875
1423,2018-07-29,342.8828125
677,2018-07-30,331.537109375
678,2018-07-31,322.30640625
679,2018-08-01,338.71875
680,2018-08-02,348.802734375
681,2018-08-03,340.251953125
1424,2018-08-04,338.4169921875
1414,2018-08-05,339.45263671875
682,2018-08-06,339.26806640625
683,2018-08-07,343.6357421875
684,2018-08-08,339.6953125
685,2018-08-09,339.98046875
686,2018-08-10,335.537109375
1425,2018-08-11,342.9677734375
1416,2018-08-12,338.908203125
687,2018-08-13,337.025390625
688,2018-08-14,346.80078125
689,2018-08-15,349.412109375
690,2018-08-16,339.349609375
691,2018-08-17,335.125
1426,2018-08-18,340.373046875
1418,2018-08-19,341.0341796875
692,2018-08-20,341.04296875
693,2018-08-21,347.9384765625
694,2018-08-22,345.4052734375
695,2018-08-23,335.32421875
696,2018-08-24,333.087890625
1427,2018-08-25,336.078125
1420,2018-08-26,341.115234375
1421,2018-08-27,342.2763671875
697,2018-08-28,348.044921875
698,2018-08-29,339.4208984375
699,2018-08-30,330.71875
700,2018-08-31,328.71796875
1429,2018-09-01,332.19140625
1430,2018-09-02,335.875
701,2018-09-03,333.8837890625
702,2018-09-04,328.77880859375
703,2018-09-05,332.31494140625
704,2018-09-06,332.165283203125
705,2018-09-07,331.94921875
1432,2018-09-08,327.154296875
1433,2018-09-09,322.794921875
706,2018-09-10,319.0478515625
707,2018-09-11,336.16455078125
708,2018-09-12,335.2275390625
709,2018-09-13,314.01806640625
710,2018-09-14,322.5673828125
1435,2018-09-15,324.701171875
1436,2018-09-16,319.189453125
711,2018-09-17,310.900390625
712,2018-09-18,332.076171875
713,2018-09-19,336.142578125
714,2018-09-20,314.6591796875
715,2018-09-21,316.703125
1438,2018-09-22,317.8271484375
1439,2018-09-23,314.435546875
716,2018-09-24,316.630859375
717,2018-09-25,330.5625
718,2018-09-26,337.7783203125
719,2018-09-27,334.7470703125
720,2018-09-28,320.84921875
1440,2018-09-29,322.41015625
1428,2018-09-30,315.42071533203125
721,2018-10-01,326.7509765625
722,2018-10-02,330.5478515625
723,2018-10-03,320.8837890625
724,2018-10-04,321.94580078125
725,2018-10-05,321.041015625
1442,2018-10-06,319.5390625
1431,2018-10-07,321.61328125
726,2018-10-08,323.25341796875
727,2018-10-09,321.0498046875
728,2018-10-10,313.78515625
729,2018-10-11,320.810546875
730,2018-10-12,321.65625
1444,2018-10-13,311.3095703125
1434,2018-10-14,317.056640625
731,2018-10-15,319.8876953125
732,2018-10-16,317.404296875
733,2018-10-17,311.78515625
734,2018-10-18,322.376953125
735,2018-10-19,322.0947265625
1446,2018-10-20,314.01171875
1437,2018-10-21,314.14453125
736,2018-10-22,314.328125
737,2018-10-23,313.267578125
738,2018-10-24,313.66796875
739,2018-10-25,319.51953125
740,2018-10-26,321.9931640625
1448,2018-10-27,324.1171875
1449,2018-10-28,318.65234375
741,2018-10-29,318.802734375
742,2018-10-30,315.21484375
743,2018-10-31,316.13625
744,2018-11-01,316.0146484375
745,2018-11-02,321.005859375
1451,2018-11-03,316.3828125
1441,2018-11-04,316.73046875
746,2018-11-05,316.6904296875
747,2018-11-06,317.3330078125
748,2018-11-07,317.15625
749,2018-11-08,317.00390625
750,2018-11-09,314.390625
1453,2018-11-10,312.8828125
1443,2018-11-11,315.5390625
751,2018-11-12,317.84521484375
752,2018-11-13,310.12548828125
753,2018-11-14,312.302734375
754,2018-11-15,317.9716796875
755,2018-11-16,318.0908203125
1455,2018-11-17,315.22265625
1445,2018-11-18,319.37890625
756,2018-11-19,316.27197265625
757,2018-11-20,311.71728515625
758,2018-11-21,310.494140625
759,2018-11-22,319.6201171875
760,2018-11-23,320.576171875
1457,2018-11-24,321.74609375
1447,2018-11-25,324.197265625
761,2018-11-26,327.11669921875
762,2018-11-27,320.74365234375
763,2018-11-28,314.794921875
764,2018-11-29,326.447265625
765,2018-11-30,331.75910888671876
1461,2018-12-01,324.234375
1450,2018-12-02,325.74609375
766,2018-12-03,313.525390625
767,2018-12-04,313.880859375
768,2018-12-05,323.90673828125
769,2018-12-06,327.440673828125
770,2018-12-07,325.400390625
1464,2018-12-08,320.20703125
1452,2018-12-09,320.5673828125
771,2018-12-10,307.0341796875
772,2018-12-11,311.271484375
773,2018-12-12,318.00927734375
774,2018-12-13,314.146484375
775,2018-12-14,314.201171875
1466,2018-12-15,316.611328125
1454,2018-12-16,321.908203125
776,2018-12-17,310.3447265625
777,2018-12-18,315.37109375
778,2018-12-19,316.5615234375
779,2018-12-20,313.7412109375
780,2018-12-21,314.29296875
1468,2018-12-22,315.810546875
1456,2018-12-23,313.48046875
781,2018-12-24,316.71875
1458,2018-12-25,318.640625
1459,2018-12-26,316.177734375
782,2018-12-27,307.9443359375
783,2018-12-28,307.7807421875
1470,2018-12-29,314.12890625
1460,2018-12-30,313.6796875
784,2018-12-31,323.24796875
1462,2019-01-01,318.9140625
785,2019-01-02,319.64453125
786,2019-01-03,308.421875
787,2019-01-04,308.78515625
1471,2019-01-05,309.1357421875
1463,2019-01-06,309.68359375
788,2019-01-07,310.01953125
789,2019-01-08,319.70556640625
790,2019-01-09,316.35693359375
791,2019-01-10,300.892578125
792,2019-01-11,302.1171875
1472,2019-01-12,306.6884765625
1465,2019-01-13,305.1865234375
793,2019-01-14,302.8056640625
794,2019-01-15,312.78515625
795,2019-01-16,315.19873046875
796,2019-01-17,301.55859375
797,2019-01-18,303.00390625
1473,2019-01-19,305.0537109375
1467,2019-01-20,304.654296875
798,2019-01-21,302.4169921875
799,2019-01-22,310.71875
800,2019-01-23,310.2744140625
801,2019-01-24,304.255859375
802,2019-01-25,315.5078125
1490,2019-01-26,312.84765625
1469,2019-01-27,297.720703125
803,2019-01-28,297.53515625
804,2019-01-29,310.330078125
805,2019-01-30,308.0703125
806,2019-01-31,303.8171875
807,2019-02-01,311.9140625
1474,2019-02-02,292.9921875
1476,2019-02-03,289.5546875
808,2019-02-04,290.8369140625
809,2019-02-05,306.8994140625
810,2019-02-06,305.78466796875
811,2019-02-07,293.21875
812,2019-02-08,296.9140625
1478,2019-02-09,297.01171875
1480,2019-02-10,291.71484375
813,2019-02-11,293.1572265625
814,2019-02-12,302.00830078125
815,2019-02-13,300.3564453125
816,2019-02-14,291.9541015625
817,2019-02-15,295.01513671875
1482,2019-02-16,297.271484375
1484,2019-02-17,292.943359375
818,2019-02-18,293.6494140625
819,2019-02-19,302.5830078125
820,2019-02-20,297.5107421875
821,2019-02-21,296.49462890625
822,2019-02-22,302.6708984375
1486,2019-02-23,300.986328125
1488,2019-02-24,303.486328125
823,2019-02-25,309.859375
824,2019-02-26,307.00390625
825,2019-02-27,296.2001953125
826,2019-02-28,320.3447163394233
827,2019-03-01,322.875
1475,2019-03-02,295.46484375
1477,2019-03-03,290.9375
828,2019-03-04,311.1171875
829,2019-03-05,324.03759765625
830,2019-03-06,327.78125
831,2019-03-07,317.912109375
832,2019-03-08,317.2470703125
1479,2019-03-09,301.40234375
1481,2019-03-10,293.62109375
833,2019-03-11,315.21484375
834,2019-03-12,311.46484375
835,2019-03-13,312.5361328125
836,2019-03-14,311.0869140625
837,2019-03-15,312.85107421875
1483,2019-03-16,299.478515625
1485,2019-03-17,294.66015625
838,2019-03-18,312.7861328125
839,2019-03-19,315.49365234375
840,2019-03-20,309.9189453125
841,2019-03-21,308.63671875
842,2019-03-22,313.6748046875
1487,2019-03-23,300.669921875
1489,2019-03-24,302.447265625
843,2019-03-25,317.73046875
844,2019-03-26,313.1708984375
845,2019-03-27,305.923828125
846,2019-03-28,312.341796875
847,2019-03-29,309.91304687499996
1491,2019-03-30,313.33203125
1492,2019-03-31,313.828125
848,2019-04-01,325.712890625
849,2019-04-02,294.73828125
850,2019-04-03,293.5625
851,2019-04-04,319.6982421875
852,2019-04-05,325.25341796875
1493,2019-04-06,328.20703125
1494,2019-04-07,326.001953125
853,2019-04-08,325.8173828125
854,2019-04-09,300.3671875
855,2019-04-10,294.533203125
856,2019-04-11,323.10546875
857,2019-04-12,319.91552734375
1495,2019-04-13,320.3544921875
1496,2019-04-14,319.2548828125
858,2019-04-15,321.7822265625
859,2019-04-16,302.55078125
860,2019-04-17,297.21484375
861,2019-04-18,319.5498046875
1497,2019-04-19,319.453125
1498,2019-04-20,316.171875
1499,2019-04-21,316.1640625
1500,2019-04-22,318.375
862,2019-04-23,301.05859375
863,2019-04-24,302.453125
864,2019-04-25,320.5048828125
865,2019-04-26,318.123046875
1501,2019-04-27,314.87890625
1502,2019-04-28,316.33203125
866,2019-04-29,312.375
867,2019-04-30,317.5533386230469
868,2019-05-01,318.9990234375
869,2019-05-02,305.53515625
870,2019-05-03,304.01953125
1509,2019-05-04,316.388671875
1503,2019-05-05,319.16796875
1504,2019-05-06,329.1640625
871,2019-05-07,323.533203125
872,2019-05-08,319.169921875
873,2019-05-09,305.314453125
874,2019-05-10,301.087890625
1511,2019-05-11,314.951171875
1505,2019-05-12,313.7060546875
875,2019-05-13,318.513671875
876,2019-05-14,317.9033203125
877,2019-05-15,316.77734375
878,2019-05-16,307.13671875
879,2019-05-17,306.169921875
1513,2019-05-18,315.3759765625
1506,2019-05-19,317.779296875
880,2019-05-20,315.6240234375
881,2019-05-21,315.587890625
882,2019-05-22,318.09375
883,2019-05-23,306.314453125
884,2019-05-24,305.1494140625
1515,2019-05-25,311.91015625
1507,2019-05-26,309.23046875
1508,2019-05-27,312.7421875
885,2019-05-28,313.998046875
886,2019-05-29,307.58203125
887,2019-05-30,311.296875
888,2019-05-31,312.6015625
1517,2019-06-01,312.08984375
1518,2019-06-02,305.7265625
889,2019-06-03,302.6630859375
890,2019-06-04,315.7001953125
891,2019-06-05,318.6455078125
892,2019-06-06,324.576171875
893,2019-06-07,310.248046875
1519,2019-06-08,306.669921875
1510,2019-06-09,300.04296875
894,2019-06-10,297.9609375
895,2019-06-11,313.142578125
896,2019-06-12,312.375
897,2019-06-13,304.1376953125
898,2019-06-14,302.9169921875
1521,2019-06-15,300.640625
1512,2019-06-16,302.4375
899,2019-06-17,309.740234375
900,2019-06-18,313.7626953125
901,2019-06-19,314.72265625
902,2019-06-20,312.6416015625
903,2019-06-21,312.2939453125
1523,2019-06-22,314.8984375
1514,2019-06-23,308.2890625
904,2019-06-24,307.0869140625
905,2019-06-25,311.974609375
906,2019-06-26,309.998046875
907,2019-06-27,313.27734375
908,2019-06-28,311.81353515625
1524,2019-06-29,306.63671875
1516,2019-06-30,304.4938659667969
909,2019-07-01,311.060546875
910,2019-07-02,305.15234375
911,2019-07-03,300.505859375
912,2019-07-04,308.82421875
913,2019-07-05,308.330078125
1526,2019-07-06,309.314453125
1527,2019-07-07,303.1943359375
914,2019-07-08,305.984375
915,2019-07-09,300.09375
916,2019-07-10,299.171875
917,2019-07-11,309.70556640625
918,2019-07-12,306.970703125
1529,2019-07-13,302.9697265625
1520,2019-07-14,298.05078125
919,2019-07-15,302.615234375
920,2019-07-16,302.84375
921,2019-07-17,298.6279296875
922,2019-07-18,301.819580078125
923,2019-07-19,304.541015625
1531,2019-07-20,304.357421875
1522,2019-07-21,302.0625
924,2019-07-22,313.18359375
925,2019-07-23,307.2578125
926,2019-07-24,302.3818359375
927,2019-07-25,305.263671875
928,2019-07-26,303.9765625
1534,2019-07-27,305.28125
1535,2019-07-28,305.5
929,2019-07-29,307.32421875
930,2019-07-30,306.37109375
931,2019-07-31,304.9128125
932,2019-08-01,308.8544921875
933,2019-08-02,304.75390625
1536,2019-08-03,304.26171875
1525,2019-08-04,309.0361328125
934,2019-08-05,304.65625
935,2019-08-06,308.884765625
936,2019-08-07,302.59423828125
937,2019-08-08,304.7138671875
938,2019-08-09,302.16796875
1537,2019-08-10,301.462890625
1528,2019-08-11,306.40478515625
939,2019-08-12,305.10546875
940,2019-08-13,303.88671875
941,2019-08-14,295.443359375
942,2019-08-15,305.123046875
943,2019-08-16,303.5
1538,2019-08-17,300.28515625
1530,2019-08-18,301.32421875
944,2019-08-19,304.8876953125
945,2019-08-20,303.1455078125
946,2019-08-21,301.666015625
947,2019-08-22,308.38671875
948,2019-08-23,305.0
1539,2019-08-24,299.25
1532,2019-08-25,301.029296875
1533,2019-08-26,299.1181640625
949,2019-08-27,305.546875
950,2019-08-28,305.4267578125
951,2019-08-29,301.212890625
952,2019-08-30,298.5902734375
1540,2019-08-31,297.96875
1541,2019-09-01,300.76171875
953,2019-09-02,299.447265625
954,2019-09-03,300.75
955,2019-09-04,307.623046875
956,2019-09-05,298.953369140625
957,2019-09-06,298.62890625
1543,2019-09-07,296.3818359375
1544,2019-09-08,298.015625
958,2019-09-09,290.7724609375
959,2019-09-10,301.7822265625
960,2019-09-11,306.361328125
961,2019-09-12,292.73095703125
962,2019-09-13,295.05126953125
1546,2019-09-14,291.623046875
1547,2019-09-15,295.1533203125
963,2019-09-16,288.025390625
964,2019-09-17,302.27734375
965,2019-09-18,301.0986328125
966,2019-09-19,290.7109375
967,2019-09-20,290.1982421875
1549,2019-09-21,287.75
1550,2019-09-22,289.361328125
968,2019-09-23,292.5849609375
969,2019-09-24,301.908203125
970,2019-09-25,301.810546875
971,2019-09-26,300.8134765625
972,2019-09-27,289.587890625
1551,2019-09-28,288.12109375
1552,2019-09-29,284.87890625
973,2019-09-30,281.49142532348634
974,2019-10-01,301.564453125
975,2019-10-02,284.76171875
976,2019-10-03,283.44140625
977,2019-10-04,286.3369140625
1554,2019-10-05,280.494140625
1542,2019-10-06,276.89453125
978,2019-10-07,295.7548828125
979,2019-10-08,299.837890625
980,2019-10-09,273.912109375
981,2019-10-10,277.76708984375
982,2019-10-11,280.0810546875
1556,2019-10-12,273.77783203125
1545,2019-10-13,271.6171875
983,2019-10-14,294.17529296875
984,2019-10-15,294.904296875
985,2019-10-16,270.30078125
986,2019-10-17,277.212890625
987,2019-10-18,274.951171875
1558,2019-10-19,269.095703125
1548,2019-10-20,266.09765625
988,2019-10-21,288.79345703125
989,2019-10-22,292.5087890625
990,2019-10-23,267.33984375
991,2019-10-24,268.74658203125
992,2019-10-25,266.68359375
1560,2019-10-26,267.888671875
1561,2019-10-27,262.80078125
993,2019-10-28,288.30859375
994,2019-10-29,283.724609375
995,2019-10-30,259.8134765625
996,2019-10-31,297.005625
997,2019-11-01,268.845703125
1563,2019-11-02,262.99609375
1553,2019-11-03,261.3251953125
998,2019-11-04,264.464111328125
999,2019-11-05,280.23681640625
1000,2019-11-06,276.45703125
1001,2019-11-07,270.5322265625
1002,2019-11-08,272.54248046875
1565,2019-11-09,261.005859375
1555,2019-11-10,264.8955078125
1003,2019-11-11,264.95556640625
1004,2019-11-12,276.51318359375
1005,2019-11-13,273.2470703125
1006,2019-11-14,268.85595703125
1007,2019-11-15,270.15380859375
1567,2019-11-16,259.64453125
1557,2019-11-17,262.646484375
1008,2019-11-18,263.6005859375
1009,2019-11-19,270.5302734375
1010,2019-11-20,269.1015625
1011,2019-11-21,271.11447265625
1012,2019-11-22,273.54296875
1569,2019-11-23,261.25390625
1559,2019-11-24,262.4365234375
1013,2019-11-25,265.14453125
1014,2019-11-26,270.57421875
1015,2019-11-27,264.44921875
1016,2019-11-28,273.61669921875
1017,2019-11-29,271.14978515625
1573,2019-11-30,256.9876708984375
1562,2019-12-01,265.63671875
1018,2019-12-02,265.0419921875
1019,2019-12-03,264.4462890625
1020,2019-12-04,261.855224609375
1021,2019-12-05,272.437744140625
1022,2019-12-06,272.029296875
1576,2019-12-07,269.2607421875
1564,2019-12-08,269.513671875
1023,2019-12-09,263.40234375
1024,2019-12-10,265.2421875
1025,2019-12-11,263.638671875
1026,2019-12-12,270.6787109375
1027,2019-12-13,272.064453125
1578,2019-12-14,267.7998046875
1566,2019-12-15,270.009765625
1028,2019-12-16,260.888671875
1029,2019-12-17,264.052734375
1030,2019-12-18,266.859375
1031,2019-12-19,271.4580078125
1032,2019-12-20,271.888671875
1580,2019-12-21,272.01953125
1568,2019-12-22,271.666015625
1033,2019-12-23,261.939453125
1034,2019-12-24,263.3984375
1570,2019-12-25,268.103515625
1571,2019-12-26,271.291015625
1035,2019-12-27,270.96484375
1582,2019-12-28,274.548828125
1572,2019-12-29,273.666015625
1036,2019-12-30,258.693359375
1037,2019-12-31,274.0434375
1574,2020-01-01,265.447265625
1038,2020-01-02,276.9296875
1039,2020-01-03,273.7890625
1583,2020-01-04,279.138671875
1575,2020-01-05,279.56982421875
1040,2020-01-06,280.892578125
1041,2020-01-07,269.517578125
1042,2020-01-08,269.4375
1043,2020-01-09,278.869140625
1044,2020-01-10,277.31640625
1584,2020-01-11,278.60009765625
1577,2020-01-12,287.07568359375
1045,2020-01-13,286.388671875
1046,2020-01-14,267.1552734375
1047,2020-01-15,269.234375
1048,2020-01-16,281.6962890625
1049,2020-01-17,283.7705078125
1585,2020-01-18,283.45458984375
1579,2020-01-19,286.416015625
1050,2020-01-20,285.6162109375
1051,2020-01-21,270.1357421875
1052,2020-01-22,272.685546875
1053,2020-01-23,284.123046875
1054,2020-01-24,285.35546875
1600,2020-01-25,268.044921875
1581,2020-01-26,269.9609375
1055,2020-01-27,287.5244140625
1056,2020-01-28,274.01953125
1057,2020-01-29,272.037109375
1058,2020-01-30,280.224609375
1059,2020-01-31,286.9246875
1603,2020-02-01,263.5625
1587,2020-02-02,284.0390625
1060,2020-02-03,285.9912109375
1061,2020-02-04,277.47802734375
1062,2020-02-05,274.73388671875
1063,2020-02-06,286.294921875
1064,2020-02-07,282.15771484375
1589,2020-02-08,283.6884765625
1591,2020-02-09,286.458984375
1065,2020-02-10,287.88818359375
1066,2020-02-11,274.10107421875
1067,2020-02-12,281.60205078125
1068,2020-02-13,289.68359375
1069,2020-02-14,281.73291015625
1593,2020-02-15,278.34375
1595,2020-02-16,281.23828125
1070,2020-02-17,283.19775390625
1071,2020-02-18,280.403076171875
1072,2020-02-19,282.345703125
1073,2020-02-20,284.98046875
1074,2020-02-21,275.64990234375
1597,2020-02-22,273.193359375
1599,2020-02-23,278.55859375
1075,2020-02-24,278.95458984375
1076,2020-02-25,265.4443359375
1077,2020-02-26,267.703125
1078,2020-02-27,276.701171875
1079,2020-02-28,269.92220703124997
1586,2020-02-29,268.4291869997978
1604,2020-03-01,265.08203125
1080,2020-03-02,281.7890625
1081,2020-03-03,272.994140625
1082,2020-03-04,267.218994140625
1083,2020-03-05,268.796875
1084,2020-03-06,276.974609375
1588,2020-03-07,277.2451171875
1590,2020-03-08,282.0966796875
1085,2020-03-09,286.0400390625
1086,2020-03-10,280.755859375
1087,2020-03-11,276.76513671875
1088,2020-03-12,279.966796875
1089,2020-03-13,284.58984375
1592,2020-03-14,281.275390625
1594,2020-03-15,277.62109375
1090,2020-03-16,280.068359375
1091,2020-03-17,284.111328125
1092,2020-03-18,282.8095703125
1093,2020-03-19,282.685546875
1094,2020-03-20,286.1337890625
1596,2020-03-21,283.666015625
1598,2020-03-22,275.10546875
1095,2020-03-23,280.84375
1096,2020-03-24,284.1455078125
1097,2020-03-25,274.4814453125
1098,2020-03-26,272.59765625
1099,2020-03-27,278.669921875
1601,2020-03-28,275.630859375
1602,2020-03-29,271.7734375
1100,2020-03-30,275.5546875
1101,2020-03-31,277.45546875
1102,2020-04-01,263.61328125
1103,2020-04-02,281.0517578125
1104,2020-04-03,280.1787109375
1605,2020-04-04,275.8447265625
1606,2020-04-05,276.412109375
1105,2020-04-06,278.076171875
1106,2020-04-07,275.966796875
1107,2020-04-08,279.017578125
1108,2020-04-09,278.185546875
1642,2020-04-10,279.99609375
1607,2020-04-11,276.2890625
1608,2020-04-12,270.9912109375
1609,2020-04-13,277.353515625
1109,2020-04-14,281.23828125
1110,2020-04-15,278.416015625
1111,2020-04-16,273.525390625
1112,2020-04-17,271.537109375
1610,2020-04-18,257.4482421875
1611,2020-04-19,262.240234375
1113,2020-04-20,262.21728515625
1114,2020-04-21,282.3583984375
1115,2020-04-22,274.787109375
1116,2020-04-23,260.345703125
1117,2020-04-24,258.92822265625
1612,2020-04-25,251.875
1613,2020-04-26,251.55859375
1118,2020-04-27,249.853515625
1119,2020-04-28,275.888671875
1120,2020-04-29,274.08984375
1121,2020-04-30,233.13810760498046
1122,2020-05-01,248.68359375
1633,2020-05-02,261.96875
1635,2020-05-03,264.09375
1123,2020-05-04,275.9775390625
1124,2020-05-05,276.39892578125
1614,2020-05-06,264.4375
1615,2020-05-07,269.0859375
1616,2020-05-08,271.30859375
1640,2020-05-09,268.0634765625
1643,2020-05-10,280.814453125
1617,2020-05-11,276.931640625
1618,2020-05-12,271.75
1619,2020-05-13,279.30078125
1620,2020-05-14,275.0390625
1621,2020-05-15,273.17578125
1648,2020-05-16,272.2412109375
1650,2020-05-17,268.904296875
1622,2020-05-18,258.015625
1623,2020-05-19,262.494140625
1624,2020-05-20,265.150390625
1625,2020-05-21,269.00390625
1626,2020-05-22,265.40625
1653,2020-05-23,253.3623046875
1655,2020-05-24,258.88427734375
1627,2020-05-25,253.87109375
1628,2020-05-26,253.23046875
1629,2020-05-27,252.40234375
1630,2020-05-28,262.578125
1631,2020-05-29,260.794921875
1660,2020-05-30,244.4345703125
1689,2020-05-31,253.546875
1632,2020-06-01,251.0546875
1634,2020-06-02,265.931640625
1636,2020-06-03,269.3095703125
1637,2020-06-04,262.5703125
1638,2020-06-05,264.4892578125
1696,2020-06-06,270.796875
1665,2020-06-07,268.4296875
1639,2020-06-08,271.1328125
1641,2020-06-09,270.708984375
1644,2020-06-10,279.7060546875
1645,2020-06-11,276.3125
1646,2020-06-12,271.015625
1670,2020-06-13,276.111328125
1672,2020-06-14,273.35546875
1647,2020-06-15,271.671875
1649,2020-06-16,271.017578125
1651,2020-06-17,270.2431640625
1652,2020-06-18,259.49609375
1710,2020-06-19,261.546875
1677,2020-06-20,267.130859375
1679,2020-06-21,267.8671875
1681,2020-06-22,265.078125
1654,2020-06-23,255.71875
1656,2020-06-24,256.0810546875
1657,2020-06-25,253.5234375
1658,2020-06-26,257.078125
1720,2020-06-27,256.22265625
1685,2020-06-28,263.5234375
1659,2020-06-29,261.70703125
1661,2020-06-30,250.39752197265625
1662,2020-07-01,253.53125
1663,2020-07-02,269.26171875
1664,2020-07-03,271.2734375
1692,2020-07-04,264.6015625
1694,2020-07-05,266.97265625
1697,2020-07-06,273.515625
1666,2020-07-07,268.76953125
1667,2020-07-08,268.296875
1668,2020-07-09,271.94140625
1669,2020-07-10,280.01171875
1701,2020-07-11,275.2734375
1703,2020-07-12,270.28515625
1671,2020-07-13,276.34375
1673,2020-07-14,273.0390625
1674,2020-07-15,273.4140625
1675,2020-07-16,269.51953125
1676,2020-07-17,270.6962890625
1708,2020-07-18,259.90625
1711,2020-07-19,261.421875
1678,2020-07-20,268.017578125
1680,2020-07-21,268.1796875
1682,2020-07-22,266.609375
1683,2020-07-23,259.6328125
1684,2020-07-24,260.66015625
1716,2020-07-25,262.890625
1718,2020-07-26,263.09375
1721,2020-07-27,261.625
1686,2020-07-28,265.4375
1687,2020-07-29,262.8125
1688,2020-07-30,256.00390625
1690,2020-07-31,266.28125
1724,2020-08-01,254.96875
1726,2020-08-02,267.046875
1691,2020-08-03,269.078125
1693,2020-08-04,264.02734375
1695,2020-08-05,267.86328125
1698,2020-08-06,272.70703125
1699,2020-08-07,270.1875
1731,2020-08-08,270.75
1733,2020-08-09,273.2421875
1700,2020-08-10,278.3125
1702,2020-08-11,275.046875
1704,2020-08-12,270.3984375
1705,2020-08-13,277.3515625
1706,2020-08-14,273.734375
1738,2020-08-15,270.578125
1740,2020-08-16,269.4375
1707,2020-08-17,269.462890625
1709,2020-08-18,260.015625
1712,2020-08-19,260.421875
1713,2020-08-20,267.84765625
1714,2020-08-21,267.84375
1745,2020-08-22,265.40625
1747,2020-08-23,260.33203125
1715,2020-08-24,261.49609375
1717,2020-08-25,262.84375
1719,2020-08-26,262.625
1722,2020-08-27,263.31640625
1723,2020-08-28,266.453125
1752,2020-08-29,265.328125
1754,2020-08-30,256.640625
1756,2020-08-31,268.28125
1725,2020-09-01,257.5
1727,2020-09-02,267.421875
1728,2020-09-03,268.609375
1729,2020-09-04,264.640625
1730,2020-09-05,268.0703125
1760,2020-09-06,271.59765625
1762,2020-09-07,269.21875
1732,2020-09-08,269.96875
1734,2020-09-09,272.7578125
1735,2020-09-10,277.140625
1736,2020-09-11,273.15625
1737,2020-09-12,269.640625
1767,2020-09-13,276.4375
1769,2020-09-14,273.3125
1739,2020-09-15,272.203125
1741,2020-09-16,269.9765625
1742,2020-09-17,269.75390625
1743,2020-09-18,261.0703125
1744,2020-09-19,261.765625
1774,2020-09-20,268.30859375
1776,2020-09-21,267.15625
1746,2020-09-22,262.578125
1748,2020-09-23,260.0859375
1749,2020-09-24,260.52734375
1750,2020-09-25,261.96875
1751,2020-09-26,262.65625
1780,2020-09-27,262.1015625
1782,2020-09-28,265.78125
1753,2020-09-29,266.09375
1755,2020-09-30,258.437744140625
1757,2020-10-01,257.6875
1758,2020-10-02,265.984375
1787,2020-10-03,268.140625
1789,2020-10-04,262.28125
1759,2020-10-05,267.140625
1761,2020-10-06,271.65625
1763,2020-10-07,268.71875
1764,2020-10-08,269.28125
1765,2020-10-09,272.140625
1794,2020-10-10,275.90625
1796,2020-10-11,272.34375
1766,2020-10-12,268.953125
1768,2020-10-13,275.453125
1770,2020-10-14,272.875
1771,2020-10-15,271.1875
1772,2020-10-16,269.328125
1801,2020-10-17,268.125
1803,2020-10-18,260.0
1773,2020-10-19,261.125
1775,2020-10-20,266.9921875
1777,2020-10-21,266.125
1778,2020-10-22,262.1875
1779,2020-10-23,261.53125
1808,2020-10-24,260.03125
1810,2020-10-25,259.9375
1812,2020-10-26,259.75
1781,2020-10-27,261.6484375
1783,2020-10-28,266.296875
1784,2020-10-29,265.5625
1785,2020-10-30,257.34375
1847,2020-10-31,259.5
1816,2020-11-01,255.1875
1786,2020-11-02,265.5625
1788,2020-11-03,266.96875
1790,2020-11-04,262.0625
1791,2020-11-05,265.5625
1792,2020-11-06,270.8046875
1821,2020-11-07,267.1875
1823,2020-11-08,267.5625
1793,2020-11-09,271.78125
1795,2020-11-10,275.125
1797,2020-11-11,272.0625
1798,2020-11-12,267.21875
1799,2020-11-13,273.375
1828,2020-11-14,271.75
1830,2020-11-15,267.625
1800,2020-11-16,268.3125
1802,2020-11-17,266.578125
1804,2020-11-18,259.65625
1805,2020-11-19,260.1875
1806,2020-11-20,266.484375
1835,2020-11-21,265.0625
1837,2020-11-22,260.25
1807,2020-11-23,259.0625
1809,2020-11-24,259.796875
1811,2020-11-25,260.5625
1813,2020-11-26,259.125
1814,2020-11-27,261.640625
1842,2020-11-28,264.3125
1844,2020-11-29,262.75
1815,2020-11-30,254.53515625
1817,2020-12-01,254.0
1818,2020-12-02,265.25
1819,2020-12-03,267.15625
1820,2020-12-04,260.234375
1851,2020-12-05,263.21875
1853,2020-12-06,270.53125
1822,2020-12-07,267.875
1824,2020-12-08,267.375
1825,2020-12-09,270.8125
1826,2020-12-10,272.3125
1827,2020-12-11,270.4375
1858,2020-12-12,266.5
1860,2020-12-13,272.21875
1829,2020-12-14,270.25
1831,2020-12-15,267.4375
1832,2020-12-16,268.0625
1833,2020-12-17,264.4375
1834,2020-12-18,258.9375
1865,2020-12-19,259.375
1867,2020-12-20,265.375
1836,2020-12-21,264.3125
1838,2020-12-22,259.75
1839,2020-12-23,256.9375
1840,2020-12-24,258.75
1841,2020-12-25,259.3125
1872,2020-12-26,259.875
1874,2020-12-27,260.671875
1843,2020-12-28,262.5
1845,2020-12-29,260.75
1846,2020-12-30,255.6875
1848,2020-12-31,263.5
1849,2021-01-01,252.75
1878,2021-01-02,265.1875
1880,2021-01-03,266.0625
1850,2021-01-04,260.03125
1852,2021-01-05,261.59375
1854,2021-01-06,269.28125
1855,2021-01-07,265.75
1856,2021-01-08,266.25
1885,2021-01-09,269.625
1887,2021-01-10,272.125
1857,2021-01-11,268.375
1859,2021-01-12,264.125
1861,2021-01-13,270.4375
1862,2021-01-14,269.375
1863,2021-01-15,267.125
1892,2021-01-16,267.875
1894,2021-01-17,265.5625
1864,2021-01-18,259.125
1866,2021-01-19,259.0
1868,2021-01-20,266.09375
1869,2021-01-21,262.0
1870,2021-01-22,259.375
1899,2021-01-23,259.5
1901,2021-01-24,258.25
1871,2021-01-25,258.875
1873,2021-01-26,259.0
1875,2021-01-27,257.90625
1876,2021-01-28,260.375
1877,2021-01-29,260.5
1904,2021-01-30,255.0625
1906,2021-01-31,265.5
1992,2021-02-01,254.25
1879,2021-02-02,263.5625
1881,2021-02-03,264.6875
1882,2021-02-04,259.125
1883,2021-02-05,260.75
1884,2021-02-06,267.625
1910,2021-02-07,265.0
1912,2021-02-08,271.5
1886,2021-02-09,268.875
1888,2021-02-10,268.375
1889,2021-02-11,266.0
1890,2021-02-12,263.0
1891,2021-02-13,269.375
1917,2021-02-14,271.75
1919,2021-02-15,271.75
1893,2021-02-16,267.75
1895,2021-02-17,262.875
1896,2021-02-18,259.5
1897,2021-02-19,259.5
1898,2021-02-20,264.0
1924,2021-02-21,263.5
1926,2021-02-22,261.0
1900,2021-02-23,258.25
1902,2021-02-24,257.5625
1957,2021-02-25,260.0
1960,2021-02-26,262.0
1903,2021-02-27,257.3125
1905,2021-02-28,248.79248046875
1993,2021-03-01,255.0
1907,2021-03-02,265.0
1908,2021-03-03,265.125
1936,2021-03-04,259.25
1938,2021-03-05,260.5
1909,2021-03-06,268.0
1911,2021-03-07,264.25
1913,2021-03-08,271.0
1914,2021-03-09,269.75
1915,2021-03-10,269.0
1943,2021-03-11,261.5
1945,2021-03-12,261.0
1916,2021-03-13,269.5
1918,2021-03-14,270.0
1920,2021-03-15,271.25
1921,2021-03-16,268.0
1922,2021-03-17,263.75
1950,2021-03-18,256.0
1952,2021-03-19,256.0
1923,2021-03-20,260.875
1925,2021-03-21,263.5
1927,2021-03-22,259.25
1928,2021-03-23,255.0
1929,2021-03-24,255.875
1958,2021-03-25,259.0
1961,2021-03-26,261.0
1930,2021-03-27,256.625
1931,2021-03-28,259.0
1932,2021-03-29,261.0
1933,2021-03-30,251.25
1934,2021-03-31,263.0
1994,2021-04-01,253.75
1965,2021-04-02,263.0
1935,2021-04-03,262.75
1937,2021-04-04,259.75
1939,2021-04-05,258.0
1940,2021-04-06,265.0
1941,2021-04-07,258.5
2002,2021-04-08,265.0
1971,2021-04-09,267.5
1942,2021-04-10,261.0
1944,2021-04-11,261.0
1946,2021-04-12,258.5
1947,2021-04-13,263.0
1948,2021-04-14,264.0
2008,2021-04-15,268.5
1977,2021-04-16,266.25
1949,2021-04-17,260.75
1951,2021-04-18,254.0
1953,2021-04-19,255.0
1954,2021-04-20,258.5
1955,2021-04-21,260.5
2016,2021-04-22,251.0
1983,2021-04-23,250.5
1956,2021-04-24,253.0
1959,2021-04-25,257.0
1962,2021-04-26,259.0
1963,2021-04-27,254.0
1964,2021-04-28,256.5
2024,2021-04-29,247.0
1989,2021-04-30,249.5
1995,2021-05-01,253.5
1966,2021-05-02,263.0
1967,2021-05-03,265.5
1968,2021-05-04,258.75
1969,2021-05-05,263.75
1970,2021-05-06,270.0
2000,2021-05-07,265.0
2003,2021-05-08,265.0
1972,2021-05-09,267.5
1973,2021-05-10,270.0
1974,2021-05-11,270.0
1975,2021-05-12,262.0
1976,2021-05-13,268.0
2006,2021-05-14,270.0
2009,2021-05-15,268.5
1978,2021-05-16,266.25
1979,2021-05-17,262.75
1980,2021-05-18,250.0
1981,2021-05-19,250.0
1982,2021-05-20,255.0
2014,2021-05-21,257.0
2017,2021-05-22,251.0
1984,2021-05-23,250.5
1985,2021-05-24,249.5
1986,2021-05-25,250.0
1987,2021-05-26,250.0
1988,2021-05-27,249.5
2022,2021-05-28,248.0
2025,2021-05-29,247.0
1990,2021-05-30,247.0
1991,2021-05-31,260.0
1996,2021-06-01,253.5
1997,2021-06-02,260.0
1998,2021-06-03,265.0
2029,2021-06-04,251.5
2031,2021-06-05,252.0
1999,2021-06-06,270.0
2001,2021-06-07,265.0
2004,2021-06-08,265.0
2005,2021-06-09,265.0
2007,2021-06-14,270.0
2010,2021-06-15,268.5
2011,2021-06-16,266.5
2012,2021-06-17,255.0
2013,2021-06-20,259.0
2015,2021-06-21,257.0
2018,2021-06-22,251.0
2019,2021-06-23,251.0
2020,2021-06-24,249.0
2021,2021-06-27,249.0
2023,2021-06-28,246.0
2026,2021-06-29,247.0
2027,2021-06-30,244.0
2028,2021-07-01,245.0
2030,2021-07-04,250.0
2032,2021-07-05,251.5
